1,sanjai m nair,34,cse,1,CSE,2025-01-27,uploads\WhatsApp_Image_2025-01-10_at_01.35.12_c85ca43f.jpg
2,nibin,67,cse,1,CSE,2025-01-21,uploads\WhatsApp_Image_2025-01-10_at_01.15.55_79f05df4.jpg
3,San,67,cse,1,CSE,2025-01-22,uploads\WhatsApp_Image_2025-01-10_at_01.15.55_79f05df4.jpg
4,San,67,cse,1,CSE,2025-01-07,uploads\WhatsApp_Image_2025-01-10_at_01.35.12_c85ca43f.jpg
5,shan,67,cse,1,CSE,2025-01-30,uploads\WhatsApp_Image_2025-01-10_at_01.15.55_79f05df4.jpg
5,shan,67,cse,1,CSE,2025-01-08,uploads\WhatsApp_Image_2025-01-10_at_01.35.12_c85ca43f.jpg
6,San,67,cse,2,CSE,2025-02-11,uploads\WhatsApp_Image_2025-01-10_at_01.35.12_c85ca43f.jpg
6,sanjai m nair,34,cse,1,CSE,2025-02-04,uploads\WhatsApp_Image_2025-01-10_at_01.15.55_79f05df4.jpg
6,sanjai m nair,34,cse,1,CSE,2025-02-04,uploads\WhatsApp_Image_2025-01-10_at_01.35.12_c85ca43f.jpg
7,Rudra,10,Cse,1,CSE,2025-02-04,uploads\WhatsApp_Image_2025-01-10_at_00.57.15_38703e35.jpg
8,Boss,67,jhghhb,1,CSE,2025-02-04,uploads\WhatsApp_Image_2024-11-14_at_13.47.43_82df45d7.jpg
6,San,67,cse,1,CSE,2025-02-18,uploads\WhatsApp_Image_2025-01-10_at_01.15.55_79f05df4.jpg
9,krishna,40,cse,1,CSE,2025-02-21,uploads\WhatsApp_Image_2025-01-10_at_01.35.12_c85ca43f.jpg
9,San,67,cse,1,CSE,2025-02-14,uploads\WhatsApp_Image_2025-01-10_at_01.15.55_79f05df4.jpg
9,sanjai m nair,67,cse,1,CSE,2025-02-21,uploads\WhatsApp_Image_2025-01-10_at_01.35.12_c85ca43f.jpg
10,sanjai m nair,67,cse,1,CSE,2025-02-14,uploads\WhatsApp_Image_2025-01-10_at_01.15.55_79f05df4.jpg
10,sanjai m nair,67,cse,2,CSE,2025-02-13,uploads\WhatsApp_Image_2025-01-10_at_01.35.12_c85ca43f.jpg
11,neil sen eeshow,67,cse,3,CSE,2025-02-10,uploads\WhatsApp_Image_2025-01-10_at_01.35.12_c85ca43f.jpg
12,pranav ,34,cse,1,CSE,2025-02-11,uploads\WhatsApp_Image_2025-01-10_at_01.15.55_79f05df4.jpg
12,sanjai m nair,67,cse,1,CSE,2025-02-25,uploads\WhatsApp_Image_2025-01-10_at_01.15.55_79f05df4.jpg
13,sanjai m nair,34,cse,1,EEE,2024-07-24,uploads\WhatsApp_Image_2025-01-10_at_01.15.55_79f05df4.jpg
14,San,67,cse,1,CSE,2025-02-21,uploads\WhatsApp_Image_2025-01-10_at_01.15.55_79f05df4.jpg
15,nibin,67,cse,1,CSE,2025-02-17,uploads\WhatsApp_Image_2025-01-10_at_01.15.55_79f05df4.jpg
15,nibin,67,cse,1,CSE,2025-02-17,uploads\WhatsApp_Image_2025-01-10_at_01.15.55_79f05df4.jpg
15,nibin,67,cse,1,CSE,2025-02-17,uploads\WhatsApp_Image_2025-01-10_at_01.15.55_79f05df4.jpg
15,nibin,67,cse,1,CSE,2025-02-17,uploads\WhatsApp_Image_2025-01-10_at_01.15.55_79f05df4.jpg
15,nibin,34,cse,1,CSE,2025-02-11,uploads\WhatsApp_Image_2025-01-10_at_01.35.12_c85ca43f.jpg
15,San,67,cse,1,CSE,2025-02-14,uploads\WhatsApp_Image_2025-01-10_at_01.15.55_79f05df4.jpg
15,nibin,34,cse,1,CSE,2025-02-11,uploads\WhatsApp_Image_2025-01-10_at_01.35.12_c85ca43f.jpg
15,sanjai m nair,67,cse,1,CSE,2025-02-05,uploads\WhatsApp_Image_2025-01-10_at_01.15.55_79f05df4.jpg
15,sanjai m nair,34,cse,1,CSE,2025-02-10,uploads\WhatsApp_Image_2025-01-10_at_01.35.12_c85ca43f.jpg
15,San,67,cse,1,CSE,2025-02-13,uploads\WhatsApp_Image_2025-01-10_at_01.15.55_79f05df4.jpg
15,sanjai m nair,67,cse,1,CSE,2025-02-11,uploads\WhatsApp_Image_2025-01-10_at_01.15.55_79f05df4.jpg
15,sanjai m nair,67,cse,1,CSE,2025-02-11,uploads\WhatsApp_Image_2025-01-10_at_01.15.55_79f05df4.jpg
16,shan krishna,34,python,1,CSE,2025-02-04,uploads\WhatsApp_Image_2025-01-10_at_00.57.15_38703e35.jpg
17,sanjai m nair,67,cse,1,CSE,2025-02-12,uploads\WhatsApp_Image_2025-02-16_at_21.23.36_ab5d2c1b.jpg
17,sanjai m nair,67,cse,1,CSE,2025-02-20,uploads\WhatsApp_Image_2025-02-16_at_21.23.36_ab5d2c1b.jpg
18,San,67,cse,1,CSE,2025-02-27,uploads\WhatsApp_Image_2025-02-16_at_21.23.36_ab5d2c1b.jpg
19,sanjai m nair,67,cse,1,CSE,2025-02-04,uploads\WhatsApp_Image_2025-02-16_at_21.23.36_ab5d2c1b.jpg
19,San,67,cse,1,CSE,2025-03-06,uploads\WhatsApp_Image_2025-02-16_at_21.23.36_ab5d2c1b.jpg
19,San,34,cse,1,CSE,2025-02-13,uploads\WhatsApp_Image_2025-02-16_at_21.23.36_ab5d2c1b.jpg
20,Neil,12,cse,1,CSE,2004-12-12,uploads\sanju.png
20,Neil Sen Easow,12,cse,1,CSE,2004-12-12,uploads\sanju.png
20,Neil Sen Easow,16,cse,1,CSE,2004-12-12,uploads\Screenshot_2023-09-21_002727.png
20,Neil Sen Easow,23,cse,3,CSE,2002-03-23,uploads\2022-08-11.png
20,Skaria Mathew,34,cse,4,CE,2025-02-17,uploads\Shan.jpeg
21,sanjai m nair,67,cse,1,CSE,2025-03-13,uploads\Screenshot_7.png
21,sanjai m nair,67,cse,1,CSE,2025-03-16,uploads\Screenshot_7.png
21,San,67,cse,1,CSE,2025-03-20,uploads\Screenshot_7.png
21,nibin,34,jhghhb,3,CSE,2025-03-12,uploads\Screenshot_7.png
21,sanjai m nair,34,cse,1,CSE,2025-03-17,uploads\Screenshot_7.png
21,gfcghvh,67,s,1,ME,2025-03-17,uploads\Screenshot_7.png
24,Boss,34,cse,4,IT,2025-03-19,uploads\Screenshot_8.png
21,Boss,12,jnj,1,CSE,2025-03-09,uploads\Screenshot_7.png
21,gfcghvh,34,cse,1,CSE,2025-03-11,uploads\Screenshot_7.png
21,gfcghvh,12,jnj,1,CSE,2025-03-12,uploads\Screenshot_7.png
21,Boss,45,jhghhb,1,CSE,2025-03-17,uploads\Screenshot_8.png
